"file","specimen_uid","specimen_id","city","urbanity_code","urbanity","site_letter","site","location","species_code","species","side","wing","photo_rep","digit_rep"
"01-ZHUB-P-LF1_rep.txt","ZH_U_B_01_P","01","ZH","U","Urban","B","ZH-B","ZH-Urban","P","Bombus pascuorum","Left","Forewing",1,2
"01-ZHUB-P-LF1.txt","ZH_U_B_01_P","01","ZH","U","Urban","B","ZH-B","ZH-Urban","P","Bombus pascuorum","Left","Forewing",1,1
"01-ZHUB-P-LF2.txt","ZH_U_B_01_P","01","ZH","U","Urban","B","ZH-B","ZH-Urban","P","Bombus pascuorum","Left","Forewing",2,1
"01-ZHUB-P-RF1_rep.txt","ZH_U_B_01_P","01","ZH","U","Urban","B","ZH-B","ZH-Urban","P","Bombus pascuorum","Right","Forewing",1,2
"01-ZHUB-P-RF1.txt","ZH_U_B_01_P","01","ZH","U","Urban","B","ZH-B","ZH-Urban","P","Bombus pascuorum","Right","Forewing",1,1
"01-ZHUB-P-RF2.txt","ZH_U_B_01_P","01","ZH","U","Urban","B","ZH-B","ZH-Urban","P","Bombus pascuorum","Right","Forewing",2,1
"02-ZHRF-P-LF1.txt","ZH_R_F_02_P","02","ZH","R","Rural","F","ZH-F","ZH-Rural","P","Bombus pascuorum","Left","Forewing",1,1
"02-ZHRF-P-RF1.txt","ZH_R_F_02_P","02","ZH","R","Rural","F","ZH-F","ZH-Rural","P","Bombus pascuorum","Right","Forewing",1,1
"02-ZHUC-P-LF1_rep.txt","ZH_U_C_02_P","02","ZH","U","Urban","C","ZH-C","ZH-Urban","P","Bombus pascuorum","Left","Forewing",1,2
"02-ZHUC-P-LF1.txt","ZH_U_C_02_P","02","ZH","U","Urban","C","ZH-C","ZH-Urban","P","Bombus pascuorum","Left","Forewing",1,1
"02-ZHUC-P-LF2.txt","ZH_U_C_02_P","02","ZH","U","Urban","C","ZH-C","ZH-Urban","P","Bombus pascuorum","Left","Forewing",2,1
"02-ZHUC-P-RF1_rep.txt","ZH_U_C_02_P","02","ZH","U","Urban","C","ZH-C","ZH-Urban","P","Bombus pascuorum","Right","Forewing",1,2
"02-ZHUC-P-RF1.txt","ZH_U_C_02_P","02","ZH","U","Urban","C","ZH-C","ZH-Urban","P","Bombus pascuorum","Right","Forewing",1,1
"02-ZHUC-P-RF2.txt","ZH_U_C_02_P","02","ZH","U","Urban","C","ZH-C","ZH-Urban","P","Bombus pascuorum","Right","Forewing",2,1
"03-ZHRE-P-LF1.txt","ZH_R_E_03_P","03","ZH","R","Rural","E","ZH-E","ZH-Rural","P","Bombus pascuorum","Left","Forewing",1,1
"03-ZHRE-P-RF1.txt","ZH_R_E_03_P","03","ZH","R","Rural","E","ZH-E","ZH-Rural","P","Bombus pascuorum","Right","Forewing",1,1
"03-ZHUA-P-LF1.txt","ZH_U_A_03_P","03","ZH","U","Urban","A","ZH-A","ZH-Urban","P","Bombus pascuorum","Left","Forewing",1,1
"03-ZHUA-P-RF1.txt","ZH_U_A_03_P","03","ZH","U","Urban","A","ZH-A","ZH-Urban","P","Bombus pascuorum","Right","Forewing",1,1
"03-ZHUC-P-LF1.txt","ZH_U_C_03_P","03","ZH","U","Urban","C","ZH-C","ZH-Urban","P","Bombus pascuorum","Left","Forewing",1,1
"03-ZHUC-P-RF1.txt","ZH_U_C_03_P","03","ZH","U","Urban","C","ZH-C","ZH-Urban","P","Bombus pascuorum","Right","Forewing",1,1
"04-ZHRD-P-LF1.txt","ZH_R_D_04_P","04","ZH","R","Rural","D","ZH-D","ZH-Rural","P","Bombus pascuorum","Left","Forewing",1,1
"04-ZHRD-P-RF1.txt","ZH_R_D_04_P","04","ZH","R","Rural","D","ZH-D","ZH-Rural","P","Bombus pascuorum","Right","Forewing",1,1
"04-ZHRE-P-LF1.txt","ZH_R_E_04_P","04","ZH","R","Rural","E","ZH-E","ZH-Rural","P","Bombus pascuorum","Left","Forewing",1,1
"04-ZHRE-P-RF1.txt","ZH_R_E_04_P","04","ZH","R","Rural","E","ZH-E","ZH-Rural","P","Bombus pascuorum","Right","Forewing",1,1
"04-ZHUA-P-LF1.txt","ZH_U_A_04_P","04","ZH","U","Urban","A","ZH-A","ZH-Urban","P","Bombus pascuorum","Left","Forewing",1,1
"04-ZHUA-P-RF1.txt","ZH_U_A_04_P","04","ZH","U","Urban","A","ZH-A","ZH-Urban","P","Bombus pascuorum","Right","Forewing",1,1
"04-ZHUC-P-LF1.txt","ZH_U_C_04_P","04","ZH","U","Urban","C","ZH-C","ZH-Urban","P","Bombus pascuorum","Left","Forewing",1,1
"04-ZHUC-P-RF1.txt","ZH_U_C_04_P","04","ZH","U","Urban","C","ZH-C","ZH-Urban","P","Bombus pascuorum","Right","Forewing",1,1
"05-ZHRD-P-LF1.txt","ZH_R_D_05_P","05","ZH","R","Rural","D","ZH-D","ZH-Rural","P","Bombus pascuorum","Left","Forewing",1,1
"05-ZHRD-P-RF1.txt","ZH_R_D_05_P","05","ZH","R","Rural","D","ZH-D","ZH-Rural","P","Bombus pascuorum","Right","Forewing",1,1
"05-ZHRE-P-LF1_rep.txt","ZH_R_E_05_P","05","ZH","R","Rural","E","ZH-E","ZH-Rural","P","Bombus pascuorum","Left","Forewing",1,2
"05-ZHRE-P-LF1.txt","ZH_R_E_05_P","05","ZH","R","Rural","E","ZH-E","ZH-Rural","P","Bombus pascuorum","Left","Forewing",1,1
"05-ZHRE-P-LF2.txt","ZH_R_E_05_P","05","ZH","R","Rural","E","ZH-E","ZH-Rural","P","Bombus pascuorum","Left","Forewing",2,1
"05-ZHRE-P-RF1_rep.txt","ZH_R_E_05_P","05","ZH","R","Rural","E","ZH-E","ZH-Rural","P","Bombus pascuorum","Right","Forewing",1,2
"05-ZHRE-P-RF1.txt","ZH_R_E_05_P","05","ZH","R","Rural","E","ZH-E","ZH-Rural","P","Bombus pascuorum","Right","Forewing",1,1
"05-ZHRE-P-RF2.txt","ZH_R_E_05_P","05","ZH","R","Rural","E","ZH-E","ZH-Rural","P","Bombus pascuorum","Right","Forewing",2,1
"05-ZHRF-P-LF1.txt","ZH_R_F_05_P","05","ZH","R","Rural","F","ZH-F","ZH-Rural","P","Bombus pascuorum","Left","Forewing",1,1
"05-ZHRF-P-RF1.txt","ZH_R_F_05_P","05","ZH","R","Rural","F","ZH-F","ZH-Rural","P","Bombus pascuorum","Right","Forewing",1,1
"05-ZHUB-P-LF1_rep.txt","ZH_U_B_05_P","05","ZH","U","Urban","B","ZH-B","ZH-Urban","P","Bombus pascuorum","Left","Forewing",1,2
"05-ZHUB-P-LF1.txt","ZH_U_B_05_P","05","ZH","U","Urban","B","ZH-B","ZH-Urban","P","Bombus pascuorum","Left","Forewing",1,1
"05-ZHUB-P-LF2.txt","ZH_U_B_05_P","05","ZH","U","Urban","B","ZH-B","ZH-Urban","P","Bombus pascuorum","Left","Forewing",2,1
"05-ZHUB-P-RF1_rep.txt","ZH_U_B_05_P","05","ZH","U","Urban","B","ZH-B","ZH-Urban","P","Bombus pascuorum","Right","Forewing",1,2
"05-ZHUB-P-RF1.txt","ZH_U_B_05_P","05","ZH","U","Urban","B","ZH-B","ZH-Urban","P","Bombus pascuorum","Right","Forewing",1,1
"05-ZHUB-P-RF2.txt","ZH_U_B_05_P","05","ZH","U","Urban","B","ZH-B","ZH-Urban","P","Bombus pascuorum","Right","Forewing",2,1
"05-ZHUC-P-LF1.txt","ZH_U_C_05_P","05","ZH","U","Urban","C","ZH-C","ZH-Urban","P","Bombus pascuorum","Left","Forewing",1,1
"05-ZHUC-P-RF1.txt","ZH_U_C_05_P","05","ZH","U","Urban","C","ZH-C","ZH-Urban","P","Bombus pascuorum","Right","Forewing",1,1
"06-ZHRD-P-LF1.txt","ZH_R_D_06_P","06","ZH","R","Rural","D","ZH-D","ZH-Rural","P","Bombus pascuorum","Left","Forewing",1,1
"06-ZHRD-P-RF1.txt","ZH_R_D_06_P","06","ZH","R","Rural","D","ZH-D","ZH-Rural","P","Bombus pascuorum","Right","Forewing",1,1
"06-ZHRF-P-LF1_rep.txt","ZH_R_F_06_P","06","ZH","R","Rural","F","ZH-F","ZH-Rural","P","Bombus pascuorum","Left","Forewing",1,2
"06-ZHRF-P-LF1.txt","ZH_R_F_06_P","06","ZH","R","Rural","F","ZH-F","ZH-Rural","P","Bombus pascuorum","Left","Forewing",1,1
"06-ZHRF-P-LF2.txt","ZH_R_F_06_P","06","ZH","R","Rural","F","ZH-F","ZH-Rural","P","Bombus pascuorum","Left","Forewing",2,1
"06-ZHRF-P-RF1_rep.txt","ZH_R_F_06_P","06","ZH","R","Rural","F","ZH-F","ZH-Rural","P","Bombus pascuorum","Right","Forewing",1,2
"06-ZHRF-P-RF1.txt","ZH_R_F_06_P","06","ZH","R","Rural","F","ZH-F","ZH-Rural","P","Bombus pascuorum","Right","Forewing",1,1
"06-ZHRF-P-RF2.txt","ZH_R_F_06_P","06","ZH","R","Rural","F","ZH-F","ZH-Rural","P","Bombus pascuorum","Right","Forewing",2,1
"06-ZHUA-P-LF1.txt","ZH_U_A_06_P","06","ZH","U","Urban","A","ZH-A","ZH-Urban","P","Bombus pascuorum","Left","Forewing",1,1
"06-ZHUA-P-RF1.txt","ZH_U_A_06_P","06","ZH","U","Urban","A","ZH-A","ZH-Urban","P","Bombus pascuorum","Right","Forewing",1,1
"06-ZHUC-P-LF1.txt","ZH_U_C_06_P","06","ZH","U","Urban","C","ZH-C","ZH-Urban","P","Bombus pascuorum","Left","Forewing",1,1
"06-ZHUC-P-RF1.txt","ZH_U_C_06_P","06","ZH","U","Urban","C","ZH-C","ZH-Urban","P","Bombus pascuorum","Right","Forewing",1,1
"07-ZHRE-P-LF1.txt","ZH_R_E_07_P","07","ZH","R","Rural","E","ZH-E","ZH-Rural","P","Bombus pascuorum","Left","Forewing",1,1
"07-ZHRE-P-RF1.txt","ZH_R_E_07_P","07","ZH","R","Rural","E","ZH-E","ZH-Rural","P","Bombus pascuorum","Right","Forewing",1,1
"07-ZHUC-P-LF1.txt","ZH_U_C_07_P","07","ZH","U","Urban","C","ZH-C","ZH-Urban","P","Bombus pascuorum","Left","Forewing",1,1
"07-ZHUC-P-RF1.txt","ZH_U_C_07_P","07","ZH","U","Urban","C","ZH-C","ZH-Urban","P","Bombus pascuorum","Right","Forewing",1,1
"08-ZHRF-P-LF1.txt","ZH_R_F_08_P","08","ZH","R","Rural","F","ZH-F","ZH-Rural","P","Bombus pascuorum","Left","Forewing",1,1
"08-ZHRF-P-RF1.txt","ZH_R_F_08_P","08","ZH","R","Rural","F","ZH-F","ZH-Rural","P","Bombus pascuorum","Right","Forewing",1,1
"08-ZHUA-P-LF1_rep.txt","ZH_U_A_08_P","08","ZH","U","Urban","A","ZH-A","ZH-Urban","P","Bombus pascuorum","Left","Forewing",1,2
"08-ZHUA-P-LF1.txt","ZH_U_A_08_P","08","ZH","U","Urban","A","ZH-A","ZH-Urban","P","Bombus pascuorum","Left","Forewing",1,1
"08-ZHUA-P-LF2.txt","ZH_U_A_08_P","08","ZH","U","Urban","A","ZH-A","ZH-Urban","P","Bombus pascuorum","Left","Forewing",2,1
"08-ZHUA-P-RF1_rep.txt","ZH_U_A_08_P","08","ZH","U","Urban","A","ZH-A","ZH-Urban","P","Bombus pascuorum","Right","Forewing",1,2
"08-ZHUA-P-RF1.txt","ZH_U_A_08_P","08","ZH","U","Urban","A","ZH-A","ZH-Urban","P","Bombus pascuorum","Right","Forewing",1,1
"08-ZHUA-P-RF2.txt","ZH_U_A_08_P","08","ZH","U","Urban","A","ZH-A","ZH-Urban","P","Bombus pascuorum","Right","Forewing",2,1
"08-ZHUB-P-LF1.txt","ZH_U_B_08_P","08","ZH","U","Urban","B","ZH-B","ZH-Urban","P","Bombus pascuorum","Left","Forewing",1,1
"08-ZHUB-P-RF1.txt","ZH_U_B_08_P","08","ZH","U","Urban","B","ZH-B","ZH-Urban","P","Bombus pascuorum","Right","Forewing",1,1
"08-ZHUC-P-LF1.txt","ZH_U_C_08_P","08","ZH","U","Urban","C","ZH-C","ZH-Urban","P","Bombus pascuorum","Left","Forewing",1,1
"08-ZHUC-P-RF1.txt","ZH_U_C_08_P","08","ZH","U","Urban","C","ZH-C","ZH-Urban","P","Bombus pascuorum","Right","Forewing",1,1
"09-ZHRE-P-LF1_rep.txt","ZH_R_E_09_P","09","ZH","R","Rural","E","ZH-E","ZH-Rural","P","Bombus pascuorum","Left","Forewing",1,2
"09-ZHRE-P-LF1.txt","ZH_R_E_09_P","09","ZH","R","Rural","E","ZH-E","ZH-Rural","P","Bombus pascuorum","Left","Forewing",1,1
"09-ZHRE-P-LF2.txt","ZH_R_E_09_P","09","ZH","R","Rural","E","ZH-E","ZH-Rural","P","Bombus pascuorum","Left","Forewing",2,1
"09-ZHRE-P-RF1_rep.txt","ZH_R_E_09_P","09","ZH","R","Rural","E","ZH-E","ZH-Rural","P","Bombus pascuorum","Right","Forewing",1,2
"09-ZHRE-P-RF1.txt","ZH_R_E_09_P","09","ZH","R","Rural","E","ZH-E","ZH-Rural","P","Bombus pascuorum","Right","Forewing",1,1
"09-ZHRE-P-RF2.txt","ZH_R_E_09_P","09","ZH","R","Rural","E","ZH-E","ZH-Rural","P","Bombus pascuorum","Right","Forewing",2,1
"09-ZHRF-P-LF1.txt","ZH_R_F_09_P","09","ZH","R","Rural","F","ZH-F","ZH-Rural","P","Bombus pascuorum","Left","Forewing",1,1
"09-ZHRF-P-RF1.txt","ZH_R_F_09_P","09","ZH","R","Rural","F","ZH-F","ZH-Rural","P","Bombus pascuorum","Right","Forewing",1,1
"09-ZHUA-P-LF1_rep.txt","ZH_U_A_09_P","09","ZH","U","Urban","A","ZH-A","ZH-Urban","P","Bombus pascuorum","Left","Forewing",1,2
"09-ZHUA-P-LF1.txt","ZH_U_A_09_P","09","ZH","U","Urban","A","ZH-A","ZH-Urban","P","Bombus pascuorum","Left","Forewing",1,1
"09-ZHUA-P-LF2.txt","ZH_U_A_09_P","09","ZH","U","Urban","A","ZH-A","ZH-Urban","P","Bombus pascuorum","Left","Forewing",2,1
"09-ZHUA-P-RF1_rep.txt","ZH_U_A_09_P","09","ZH","U","Urban","A","ZH-A","ZH-Urban","P","Bombus pascuorum","Right","Forewing",1,2
"09-ZHUA-P-RF1.txt","ZH_U_A_09_P","09","ZH","U","Urban","A","ZH-A","ZH-Urban","P","Bombus pascuorum","Right","Forewing",1,1
"09-ZHUA-P-RF2.txt","ZH_U_A_09_P","09","ZH","U","Urban","A","ZH-A","ZH-Urban","P","Bombus pascuorum","Right","Forewing",2,1
"09-ZHUB-P-LF1.txt","ZH_U_B_09_P","09","ZH","U","Urban","B","ZH-B","ZH-Urban","P","Bombus pascuorum","Left","Forewing",1,1
"09-ZHUB-P-RF1.txt","ZH_U_B_09_P","09","ZH","U","Urban","B","ZH-B","ZH-Urban","P","Bombus pascuorum","Right","Forewing",1,1
"10-ZHRD-P-LF1_rep.txt","ZH_R_D_10_P","10","ZH","R","Rural","D","ZH-D","ZH-Rural","P","Bombus pascuorum","Left","Forewing",1,2
"10-ZHRD-P-LF1.txt","ZH_R_D_10_P","10","ZH","R","Rural","D","ZH-D","ZH-Rural","P","Bombus pascuorum","Left","Forewing",1,1
"10-ZHRD-P-LF2.txt","ZH_R_D_10_P","10","ZH","R","Rural","D","ZH-D","ZH-Rural","P","Bombus pascuorum","Left","Forewing",2,1
"10-ZHRD-P-RF1_rep.txt","ZH_R_D_10_P","10","ZH","R","Rural","D","ZH-D","ZH-Rural","P","Bombus pascuorum","Right","Forewing",1,2
"10-ZHRD-P-RF1.txt","ZH_R_D_10_P","10","ZH","R","Rural","D","ZH-D","ZH-Rural","P","Bombus pascuorum","Right","Forewing",1,1
"10-ZHRD-P-RF2.txt","ZH_R_D_10_P","10","ZH","R","Rural","D","ZH-D","ZH-Rural","P","Bombus pascuorum","Right","Forewing",2,1
"10-ZHRE-P-LF1.txt","ZH_R_E_10_P","10","ZH","R","Rural","E","ZH-E","ZH-Rural","P","Bombus pascuorum","Left","Forewing",1,1
"10-ZHRE-P-RF1.txt","ZH_R_E_10_P","10","ZH","R","Rural","E","ZH-E","ZH-Rural","P","Bombus pascuorum","Right","Forewing",1,1
"10-ZHUA-P-LF1.txt","ZH_U_A_10_P","10","ZH","U","Urban","A","ZH-A","ZH-Urban","P","Bombus pascuorum","Left","Forewing",1,1
"10-ZHUA-P-RF1.txt","ZH_U_A_10_P","10","ZH","U","Urban","A","ZH-A","ZH-Urban","P","Bombus pascuorum","Right","Forewing",1,1
"10-ZHUC-P-LF1.txt","ZH_U_C_10_P","10","ZH","U","Urban","C","ZH-C","ZH-Urban","P","Bombus pascuorum","Left","Forewing",1,1
"10-ZHUC-P-RF1.txt","ZH_U_C_10_P","10","ZH","U","Urban","C","ZH-C","ZH-Urban","P","Bombus pascuorum","Right","Forewing",1,1
"11-ZHRD-P-LF1.txt","ZH_R_D_11_P","11","ZH","R","Rural","D","ZH-D","ZH-Rural","P","Bombus pascuorum","Left","Forewing",1,1
"11-ZHRD-P-RF1.txt","ZH_R_D_11_P","11","ZH","R","Rural","D","ZH-D","ZH-Rural","P","Bombus pascuorum","Right","Forewing",1,1
"11-ZHRE-P-LF1.txt","ZH_R_E_11_P","11","ZH","R","Rural","E","ZH-E","ZH-Rural","P","Bombus pascuorum","Left","Forewing",1,1
"11-ZHRE-P-RF1.txt","ZH_R_E_11_P","11","ZH","R","Rural","E","ZH-E","ZH-Rural","P","Bombus pascuorum","Right","Forewing",1,1
"11-ZHRF-P-LF1.txt","ZH_R_F_11_P","11","ZH","R","Rural","F","ZH-F","ZH-Rural","P","Bombus pascuorum","Left","Forewing",1,1
"11-ZHRF-P-RF1.txt","ZH_R_F_11_P","11","ZH","R","Rural","F","ZH-F","ZH-Rural","P","Bombus pascuorum","Right","Forewing",1,1
"11-ZHUA-P-LF1.txt","ZH_U_A_11_P","11","ZH","U","Urban","A","ZH-A","ZH-Urban","P","Bombus pascuorum","Left","Forewing",1,1
"11-ZHUA-P-RF1.txt","ZH_U_A_11_P","11","ZH","U","Urban","A","ZH-A","ZH-Urban","P","Bombus pascuorum","Right","Forewing",1,1
"11-ZHUC-P-LF1_rep.txt","ZH_U_C_11_P","11","ZH","U","Urban","C","ZH-C","ZH-Urban","P","Bombus pascuorum","Left","Forewing",1,2
"11-ZHUC-P-LF1.txt","ZH_U_C_11_P","11","ZH","U","Urban","C","ZH-C","ZH-Urban","P","Bombus pascuorum","Left","Forewing",1,1
"11-ZHUC-P-LF2.txt","ZH_U_C_11_P","11","ZH","U","Urban","C","ZH-C","ZH-Urban","P","Bombus pascuorum","Left","Forewing",2,1
"11-ZHUC-P-RF1_rep.txt","ZH_U_C_11_P","11","ZH","U","Urban","C","ZH-C","ZH-Urban","P","Bombus pascuorum","Right","Forewing",1,2
"11-ZHUC-P-RF1.txt","ZH_U_C_11_P","11","ZH","U","Urban","C","ZH-C","ZH-Urban","P","Bombus pascuorum","Right","Forewing",1,1
"11-ZHUC-P-RF2.txt","ZH_U_C_11_P","11","ZH","U","Urban","C","ZH-C","ZH-Urban","P","Bombus pascuorum","Right","Forewing",2,1
"12-ZHRD-P-LF1.txt","ZH_R_D_12_P","12","ZH","R","Rural","D","ZH-D","ZH-Rural","P","Bombus pascuorum","Left","Forewing",1,1
"12-ZHRD-P-RF1.txt","ZH_R_D_12_P","12","ZH","R","Rural","D","ZH-D","ZH-Rural","P","Bombus pascuorum","Right","Forewing",1,1
"12-ZHRE-P-LF1.txt","ZH_R_E_12_P","12","ZH","R","Rural","E","ZH-E","ZH-Rural","P","Bombus pascuorum","Left","Forewing",1,1
"12-ZHRE-P-RF1.txt","ZH_R_E_12_P","12","ZH","R","Rural","E","ZH-E","ZH-Rural","P","Bombus pascuorum","Right","Forewing",1,1
"12-ZHRF-P-LF1.txt","ZH_R_F_12_P","12","ZH","R","Rural","F","ZH-F","ZH-Rural","P","Bombus pascuorum","Left","Forewing",1,1
"12-ZHRF-P-RF1.txt","ZH_R_F_12_P","12","ZH","R","Rural","F","ZH-F","ZH-Rural","P","Bombus pascuorum","Right","Forewing",1,1
"12-ZHUA-P-LF1.txt","ZH_U_A_12_P","12","ZH","U","Urban","A","ZH-A","ZH-Urban","P","Bombus pascuorum","Left","Forewing",1,1
"12-ZHUA-P-RF1.txt","ZH_U_A_12_P","12","ZH","U","Urban","A","ZH-A","ZH-Urban","P","Bombus pascuorum","Right","Forewing",1,1
"12-ZHUC-P-LF1_rep.txt","ZH_U_C_12_P","12","ZH","U","Urban","C","ZH-C","ZH-Urban","P","Bombus pascuorum","Left","Forewing",1,2
"12-ZHUC-P-LF1.txt","ZH_U_C_12_P","12","ZH","U","Urban","C","ZH-C","ZH-Urban","P","Bombus pascuorum","Left","Forewing",1,1
"12-ZHUC-P-LF2.txt","ZH_U_C_12_P","12","ZH","U","Urban","C","ZH-C","ZH-Urban","P","Bombus pascuorum","Left","Forewing",2,1
"12-ZHUC-P-RF1_rep.txt","ZH_U_C_12_P","12","ZH","U","Urban","C","ZH-C","ZH-Urban","P","Bombus pascuorum","Right","Forewing",1,2
"12-ZHUC-P-RF1.txt","ZH_U_C_12_P","12","ZH","U","Urban","C","ZH-C","ZH-Urban","P","Bombus pascuorum","Right","Forewing",1,1
"12-ZHUC-P-RF2.txt","ZH_U_C_12_P","12","ZH","U","Urban","C","ZH-C","ZH-Urban","P","Bombus pascuorum","Right","Forewing",2,1
"13-ZHRD-P-LF1.txt","ZH_R_D_13_P","13","ZH","R","Rural","D","ZH-D","ZH-Rural","P","Bombus pascuorum","Left","Forewing",1,1
"13-ZHRD-P-RF1.txt","ZH_R_D_13_P","13","ZH","R","Rural","D","ZH-D","ZH-Rural","P","Bombus pascuorum","Right","Forewing",1,1
"13-ZHRE-P-LF1.txt","ZH_R_E_13_P","13","ZH","R","Rural","E","ZH-E","ZH-Rural","P","Bombus pascuorum","Left","Forewing",1,1
"13-ZHRE-P-RF1.txt","ZH_R_E_13_P","13","ZH","R","Rural","E","ZH-E","ZH-Rural","P","Bombus pascuorum","Right","Forewing",1,1
"13-ZHUB-P-LF1.txt","ZH_U_B_13_P","13","ZH","U","Urban","B","ZH-B","ZH-Urban","P","Bombus pascuorum","Left","Forewing",1,1
"13-ZHUB-P-RF1.txt","ZH_U_B_13_P","13","ZH","U","Urban","B","ZH-B","ZH-Urban","P","Bombus pascuorum","Right","Forewing",1,1
"14-ZHRD-P-LF1.txt","ZH_R_D_14_P","14","ZH","R","Rural","D","ZH-D","ZH-Rural","P","Bombus pascuorum","Left","Forewing",1,1
"14-ZHRD-P-RF1.txt","ZH_R_D_14_P","14","ZH","R","Rural","D","ZH-D","ZH-Rural","P","Bombus pascuorum","Right","Forewing",1,1
"14-ZHRF-P-LF1.txt","ZH_R_F_14_P","14","ZH","R","Rural","F","ZH-F","ZH-Rural","P","Bombus pascuorum","Left","Forewing",1,1
"14-ZHRF-P-RF1.txt","ZH_R_F_14_P","14","ZH","R","Rural","F","ZH-F","ZH-Rural","P","Bombus pascuorum","Right","Forewing",1,1
"14-ZHUC-P-LF1.txt","ZH_U_C_14_P","14","ZH","U","Urban","C","ZH-C","ZH-Urban","P","Bombus pascuorum","Left","Forewing",1,1
"14-ZHUC-P-RF1.txt","ZH_U_C_14_P","14","ZH","U","Urban","C","ZH-C","ZH-Urban","P","Bombus pascuorum","Right","Forewing",1,1
"15-ZHRF-P-LF1_rep.txt","ZH_R_F_15_P","15","ZH","R","Rural","F","ZH-F","ZH-Rural","P","Bombus pascuorum","Left","Forewing",1,2
"15-ZHRF-P-LF1.txt","ZH_R_F_15_P","15","ZH","R","Rural","F","ZH-F","ZH-Rural","P","Bombus pascuorum","Left","Forewing",1,1
"15-ZHRF-P-LF2.txt","ZH_R_F_15_P","15","ZH","R","Rural","F","ZH-F","ZH-Rural","P","Bombus pascuorum","Left","Forewing",2,1
"15-ZHRF-P-RF1_rep.txt","ZH_R_F_15_P","15","ZH","R","Rural","F","ZH-F","ZH-Rural","P","Bombus pascuorum","Right","Forewing",1,2
"15-ZHRF-P-RF1.txt","ZH_R_F_15_P","15","ZH","R","Rural","F","ZH-F","ZH-Rural","P","Bombus pascuorum","Right","Forewing",1,1
"15-ZHRF-P-RF2.txt","ZH_R_F_15_P","15","ZH","R","Rural","F","ZH-F","ZH-Rural","P","Bombus pascuorum","Right","Forewing",2,1
"15-ZHUA-P-LF1.txt","ZH_U_A_15_P","15","ZH","U","Urban","A","ZH-A","ZH-Urban","P","Bombus pascuorum","Left","Forewing",1,1
"15-ZHUA-P-RF1.txt","ZH_U_A_15_P","15","ZH","U","Urban","A","ZH-A","ZH-Urban","P","Bombus pascuorum","Right","Forewing",1,1
"15-ZHUB-P-LF1.txt","ZH_U_B_15_P","15","ZH","U","Urban","B","ZH-B","ZH-Urban","P","Bombus pascuorum","Left","Forewing",1,1
"15-ZHUB-P-RF1.txt","ZH_U_B_15_P","15","ZH","U","Urban","B","ZH-B","ZH-Urban","P","Bombus pascuorum","Right","Forewing",1,1
"16-ZHRD-P-LF1.txt","ZH_R_D_16_P","16","ZH","R","Rural","D","ZH-D","ZH-Rural","P","Bombus pascuorum","Left","Forewing",1,1
"16-ZHRD-P-RF1.txt","ZH_R_D_16_P","16","ZH","R","Rural","D","ZH-D","ZH-Rural","P","Bombus pascuorum","Right","Forewing",1,1
"16-ZHRE-P-LF1_rep.txt","ZH_R_E_16_P","16","ZH","R","Rural","E","ZH-E","ZH-Rural","P","Bombus pascuorum","Left","Forewing",1,2
"16-ZHRE-P-LF1.txt","ZH_R_E_16_P","16","ZH","R","Rural","E","ZH-E","ZH-Rural","P","Bombus pascuorum","Left","Forewing",1,1
"16-ZHRE-P-LF2.txt","ZH_R_E_16_P","16","ZH","R","Rural","E","ZH-E","ZH-Rural","P","Bombus pascuorum","Left","Forewing",2,1
"16-ZHRE-P-RF1_rep.txt","ZH_R_E_16_P","16","ZH","R","Rural","E","ZH-E","ZH-Rural","P","Bombus pascuorum","Right","Forewing",1,2
"16-ZHRE-P-RF1.txt","ZH_R_E_16_P","16","ZH","R","Rural","E","ZH-E","ZH-Rural","P","Bombus pascuorum","Right","Forewing",1,1
"16-ZHRE-P-RF2.txt","ZH_R_E_16_P","16","ZH","R","Rural","E","ZH-E","ZH-Rural","P","Bombus pascuorum","Right","Forewing",2,1
"16-ZHRF-P-LF1.txt","ZH_R_F_16_P","16","ZH","R","Rural","F","ZH-F","ZH-Rural","P","Bombus pascuorum","Left","Forewing",1,1
"16-ZHRF-P-RF1.txt","ZH_R_F_16_P","16","ZH","R","Rural","F","ZH-F","ZH-Rural","P","Bombus pascuorum","Right","Forewing",1,1
"16-ZHUA-P-LF1.txt","ZH_U_A_16_P","16","ZH","U","Urban","A","ZH-A","ZH-Urban","P","Bombus pascuorum","Left","Forewing",1,1
"16-ZHUA-P-RF1.txt","ZH_U_A_16_P","16","ZH","U","Urban","A","ZH-A","ZH-Urban","P","Bombus pascuorum","Right","Forewing",1,1
"16-ZHUB-P-LF1.txt","ZH_U_B_16_P","16","ZH","U","Urban","B","ZH-B","ZH-Urban","P","Bombus pascuorum","Left","Forewing",1,1
"16-ZHUB-P-RF1.txt","ZH_U_B_16_P","16","ZH","U","Urban","B","ZH-B","ZH-Urban","P","Bombus pascuorum","Right","Forewing",1,1
"16-ZHUC-P-LF1.txt","ZH_U_C_16_P","16","ZH","U","Urban","C","ZH-C","ZH-Urban","P","Bombus pascuorum","Left","Forewing",1,1
"16-ZHUC-P-RF1.txt","ZH_U_C_16_P","16","ZH","U","Urban","C","ZH-C","ZH-Urban","P","Bombus pascuorum","Right","Forewing",1,1
"17-ZHRD-P-LF1.txt","ZH_R_D_17_P","17","ZH","R","Rural","D","ZH-D","ZH-Rural","P","Bombus pascuorum","Left","Forewing",1,1
"17-ZHRD-P-RF1.txt","ZH_R_D_17_P","17","ZH","R","Rural","D","ZH-D","ZH-Rural","P","Bombus pascuorum","Right","Forewing",1,1
"17-ZHRF-P-LF1.txt","ZH_R_F_17_P","17","ZH","R","Rural","F","ZH-F","ZH-Rural","P","Bombus pascuorum","Left","Forewing",1,1
"17-ZHRF-P-RF1.txt","ZH_R_F_17_P","17","ZH","R","Rural","F","ZH-F","ZH-Rural","P","Bombus pascuorum","Right","Forewing",1,1
"17-ZHUA-P-LF1.txt","ZH_U_A_17_P","17","ZH","U","Urban","A","ZH-A","ZH-Urban","P","Bombus pascuorum","Left","Forewing",1,1
"17-ZHUA-P-RF1.txt","ZH_U_A_17_P","17","ZH","U","Urban","A","ZH-A","ZH-Urban","P","Bombus pascuorum","Right","Forewing",1,1
"17-ZHUB-P-LF1.txt","ZH_U_B_17_P","17","ZH","U","Urban","B","ZH-B","ZH-Urban","P","Bombus pascuorum","Left","Forewing",1,1
"17-ZHUB-P-RF1.txt","ZH_U_B_17_P","17","ZH","U","Urban","B","ZH-B","ZH-Urban","P","Bombus pascuorum","Right","Forewing",1,1
"18-ZHRE-P-LF1.txt","ZH_R_E_18_P","18","ZH","R","Rural","E","ZH-E","ZH-Rural","P","Bombus pascuorum","Left","Forewing",1,1
"18-ZHRE-P-RF1.txt","ZH_R_E_18_P","18","ZH","R","Rural","E","ZH-E","ZH-Rural","P","Bombus pascuorum","Right","Forewing",1,1
"18-ZHRF-P-LF1.txt","ZH_R_F_18_P","18","ZH","R","Rural","F","ZH-F","ZH-Rural","P","Bombus pascuorum","Left","Forewing",1,1
"18-ZHRF-P-RF1.txt","ZH_R_F_18_P","18","ZH","R","Rural","F","ZH-F","ZH-Rural","P","Bombus pascuorum","Right","Forewing",1,1
"20-ZHUC-P-LF1.txt","ZH_U_C_20_P","20","ZH","U","Urban","C","ZH-C","ZH-Urban","P","Bombus pascuorum","Left","Forewing",1,1
"20-ZHUC-P-RF1.txt","ZH_U_C_20_P","20","ZH","U","Urban","C","ZH-C","ZH-Urban","P","Bombus pascuorum","Right","Forewing",1,1
"21-ZHRD-P-LF1_rep.txt","ZH_R_D_21_P","21","ZH","R","Rural","D","ZH-D","ZH-Rural","P","Bombus pascuorum","Left","Forewing",1,2
"21-ZHRD-P-LF1.txt","ZH_R_D_21_P","21","ZH","R","Rural","D","ZH-D","ZH-Rural","P","Bombus pascuorum","Left","Forewing",1,1
"21-ZHRD-P-LF2.txt","ZH_R_D_21_P","21","ZH","R","Rural","D","ZH-D","ZH-Rural","P","Bombus pascuorum","Left","Forewing",2,1
"21-ZHRD-P-RF1_rep.txt","ZH_R_D_21_P","21","ZH","R","Rural","D","ZH-D","ZH-Rural","P","Bombus pascuorum","Right","Forewing",1,2
"21-ZHRD-P-RF1.txt","ZH_R_D_21_P","21","ZH","R","Rural","D","ZH-D","ZH-Rural","P","Bombus pascuorum","Right","Forewing",1,1
"21-ZHRD-P-RF2.txt","ZH_R_D_21_P","21","ZH","R","Rural","D","ZH-D","ZH-Rural","P","Bombus pascuorum","Right","Forewing",2,1
"21-ZHUB-P-LF1_rep.txt","ZH_U_B_21_P","21","ZH","U","Urban","B","ZH-B","ZH-Urban","P","Bombus pascuorum","Left","Forewing",1,2
"21-ZHUB-P-LF1.txt","ZH_U_B_21_P","21","ZH","U","Urban","B","ZH-B","ZH-Urban","P","Bombus pascuorum","Left","Forewing",1,1
"21-ZHUB-P-LF2.txt","ZH_U_B_21_P","21","ZH","U","Urban","B","ZH-B","ZH-Urban","P","Bombus pascuorum","Left","Forewing",2,1
"21-ZHUB-P-RF1_rep.txt","ZH_U_B_21_P","21","ZH","U","Urban","B","ZH-B","ZH-Urban","P","Bombus pascuorum","Right","Forewing",1,2
"21-ZHUB-P-RF1.txt","ZH_U_B_21_P","21","ZH","U","Urban","B","ZH-B","ZH-Urban","P","Bombus pascuorum","Right","Forewing",1,1
"21-ZHUB-P-RF2.txt","ZH_U_B_21_P","21","ZH","U","Urban","B","ZH-B","ZH-Urban","P","Bombus pascuorum","Right","Forewing",2,1
"22-ZHRE-P-LF1.txt","ZH_R_E_22_P","22","ZH","R","Rural","E","ZH-E","ZH-Rural","P","Bombus pascuorum","Left","Forewing",1,1
"22-ZHRE-P-RF1.txt","ZH_R_E_22_P","22","ZH","R","Rural","E","ZH-E","ZH-Rural","P","Bombus pascuorum","Right","Forewing",1,1
"22-ZHRF-P-LF1.txt","ZH_R_F_22_P","22","ZH","R","Rural","F","ZH-F","ZH-Rural","P","Bombus pascuorum","Left","Forewing",1,1
"22-ZHRF-P-RF1.txt","ZH_R_F_22_P","22","ZH","R","Rural","F","ZH-F","ZH-Rural","P","Bombus pascuorum","Right","Forewing",1,1
"22-ZHUB-P-LF1.txt","ZH_U_B_22_P","22","ZH","U","Urban","B","ZH-B","ZH-Urban","P","Bombus pascuorum","Left","Forewing",1,1
"22-ZHUB-P-RF1.txt","ZH_U_B_22_P","22","ZH","U","Urban","B","ZH-B","ZH-Urban","P","Bombus pascuorum","Right","Forewing",1,1
"22-ZHUC-P-LF1.txt","ZH_U_C_22_P","22","ZH","U","Urban","C","ZH-C","ZH-Urban","P","Bombus pascuorum","Left","Forewing",1,1
"22-ZHUC-P-RF1.txt","ZH_U_C_22_P","22","ZH","U","Urban","C","ZH-C","ZH-Urban","P","Bombus pascuorum","Right","Forewing",1,1
"23-ZHRD-P-LF1.txt","ZH_R_D_23_P","23","ZH","R","Rural","D","ZH-D","ZH-Rural","P","Bombus pascuorum","Left","Forewing",1,1
"23-ZHRD-P-RF1.txt","ZH_R_D_23_P","23","ZH","R","Rural","D","ZH-D","ZH-Rural","P","Bombus pascuorum","Right","Forewing",1,1
"23-ZHRE-P-LF1.txt","ZH_R_E_23_P","23","ZH","R","Rural","E","ZH-E","ZH-Rural","P","Bombus pascuorum","Left","Forewing",1,1
"23-ZHRE-P-RF1.txt","ZH_R_E_23_P","23","ZH","R","Rural","E","ZH-E","ZH-Rural","P","Bombus pascuorum","Right","Forewing",1,1
"23-ZHRF-P-LF1.txt","ZH_R_F_23_P","23","ZH","R","Rural","F","ZH-F","ZH-Rural","P","Bombus pascuorum","Left","Forewing",1,1
"23-ZHRF-P-RF1.txt","ZH_R_F_23_P","23","ZH","R","Rural","F","ZH-F","ZH-Rural","P","Bombus pascuorum","Right","Forewing",1,1
"23-ZHUA-P-LF1.txt","ZH_U_A_23_P","23","ZH","U","Urban","A","ZH-A","ZH-Urban","P","Bombus pascuorum","Left","Forewing",1,1
"23-ZHUA-P-RF1.txt","ZH_U_A_23_P","23","ZH","U","Urban","A","ZH-A","ZH-Urban","P","Bombus pascuorum","Right","Forewing",1,1
"23-ZHUC-P-LF1.txt","ZH_U_C_23_P","23","ZH","U","Urban","C","ZH-C","ZH-Urban","P","Bombus pascuorum","Left","Forewing",1,1
"23-ZHUC-P-RF1.txt","ZH_U_C_23_P","23","ZH","U","Urban","C","ZH-C","ZH-Urban","P","Bombus pascuorum","Right","Forewing",1,1
"24-ZHRE-P-LF1.txt","ZH_R_E_24_P","24","ZH","R","Rural","E","ZH-E","ZH-Rural","P","Bombus pascuorum","Left","Forewing",1,1
"24-ZHRE-P-RF1.txt","ZH_R_E_24_P","24","ZH","R","Rural","E","ZH-E","ZH-Rural","P","Bombus pascuorum","Right","Forewing",1,1
"24-ZHUA-P-LF1.txt","ZH_U_A_24_P","24","ZH","U","Urban","A","ZH-A","ZH-Urban","P","Bombus pascuorum","Left","Forewing",1,1
"24-ZHUA-P-RF1.txt","ZH_U_A_24_P","24","ZH","U","Urban","A","ZH-A","ZH-Urban","P","Bombus pascuorum","Right","Forewing",1,1
"24-ZHUB-P-LF1.txt","ZH_U_B_24_P","24","ZH","U","Urban","B","ZH-B","ZH-Urban","P","Bombus pascuorum","Left","Forewing",1,1
"24-ZHUB-P-RF1.txt","ZH_U_B_24_P","24","ZH","U","Urban","B","ZH-B","ZH-Urban","P","Bombus pascuorum","Right","Forewing",1,1
"25-ZHRD-P-LF1_rep.txt","ZH_R_D_25_P","25","ZH","R","Rural","D","ZH-D","ZH-Rural","P","Bombus pascuorum","Left","Forewing",1,2
"25-ZHRD-P-LF1.txt","ZH_R_D_25_P","25","ZH","R","Rural","D","ZH-D","ZH-Rural","P","Bombus pascuorum","Left","Forewing",1,1
"25-ZHRD-P-LF2.txt","ZH_R_D_25_P","25","ZH","R","Rural","D","ZH-D","ZH-Rural","P","Bombus pascuorum","Left","Forewing",2,1
"25-ZHRD-P-RF1_rep.txt","ZH_R_D_25_P","25","ZH","R","Rural","D","ZH-D","ZH-Rural","P","Bombus pascuorum","Right","Forewing",1,2
"25-ZHRD-P-RF1.txt","ZH_R_D_25_P","25","ZH","R","Rural","D","ZH-D","ZH-Rural","P","Bombus pascuorum","Right","Forewing",1,1
"25-ZHRD-P-RF2.txt","ZH_R_D_25_P","25","ZH","R","Rural","D","ZH-D","ZH-Rural","P","Bombus pascuorum","Right","Forewing",2,1
"25-ZHUA-P-LF1.txt","ZH_U_A_25_P","25","ZH","U","Urban","A","ZH-A","ZH-Urban","P","Bombus pascuorum","Left","Forewing",1,1
"25-ZHUA-P-RF1.txt","ZH_U_A_25_P","25","ZH","U","Urban","A","ZH-A","ZH-Urban","P","Bombus pascuorum","Right","Forewing",1,1
"25-ZHUC-P-LF1_rep.txt","ZH_U_C_25_P","25","ZH","U","Urban","C","ZH-C","ZH-Urban","P","Bombus pascuorum","Left","Forewing",1,2
"25-ZHUC-P-LF1.txt","ZH_U_C_25_P","25","ZH","U","Urban","C","ZH-C","ZH-Urban","P","Bombus pascuorum","Left","Forewing",1,1
"25-ZHUC-P-LF2.txt","ZH_U_C_25_P","25","ZH","U","Urban","C","ZH-C","ZH-Urban","P","Bombus pascuorum","Left","Forewing",2,1
"25-ZHUC-P-RF1_rep.txt","ZH_U_C_25_P","25","ZH","U","Urban","C","ZH-C","ZH-Urban","P","Bombus pascuorum","Right","Forewing",1,2
"25-ZHUC-P-RF1.txt","ZH_U_C_25_P","25","ZH","U","Urban","C","ZH-C","ZH-Urban","P","Bombus pascuorum","Right","Forewing",1,1
"25-ZHUC-P-RF2.txt","ZH_U_C_25_P","25","ZH","U","Urban","C","ZH-C","ZH-Urban","P","Bombus pascuorum","Right","Forewing",2,1
"26-ZHRD-P-LF1.txt","ZH_R_D_26_P","26","ZH","R","Rural","D","ZH-D","ZH-Rural","P","Bombus pascuorum","Left","Forewing",1,1
"26-ZHRD-P-RF1.txt","ZH_R_D_26_P","26","ZH","R","Rural","D","ZH-D","ZH-Rural","P","Bombus pascuorum","Right","Forewing",1,1
"26-ZHRF-P-LF1.txt","ZH_R_F_26_P","26","ZH","R","Rural","F","ZH-F","ZH-Rural","P","Bombus pascuorum","Left","Forewing",1,1
"26-ZHRF-P-RF1.txt","ZH_R_F_26_P","26","ZH","R","Rural","F","ZH-F","ZH-Rural","P","Bombus pascuorum","Right","Forewing",1,1
"26-ZHUB-P-LF1.txt","ZH_U_B_26_P","26","ZH","U","Urban","B","ZH-B","ZH-Urban","P","Bombus pascuorum","Left","Forewing",1,1
"26-ZHUB-P-RF1.txt","ZH_U_B_26_P","26","ZH","U","Urban","B","ZH-B","ZH-Urban","P","Bombus pascuorum","Right","Forewing",1,1
"27-ZHRD-P-LF1.txt","ZH_R_D_27_P","27","ZH","R","Rural","D","ZH-D","ZH-Rural","P","Bombus pascuorum","Left","Forewing",1,1
"27-ZHRD-P-RF1.txt","ZH_R_D_27_P","27","ZH","R","Rural","D","ZH-D","ZH-Rural","P","Bombus pascuorum","Right","Forewing",1,1
"27-ZHRF-P-LF1_rep.txt","ZH_R_F_27_P","27","ZH","R","Rural","F","ZH-F","ZH-Rural","P","Bombus pascuorum","Left","Forewing",1,2
"27-ZHRF-P-LF1.txt","ZH_R_F_27_P","27","ZH","R","Rural","F","ZH-F","ZH-Rural","P","Bombus pascuorum","Left","Forewing",1,1
"27-ZHRF-P-LF2.txt","ZH_R_F_27_P","27","ZH","R","Rural","F","ZH-F","ZH-Rural","P","Bombus pascuorum","Left","Forewing",2,1
"27-ZHRF-P-RF1_rep.txt","ZH_R_F_27_P","27","ZH","R","Rural","F","ZH-F","ZH-Rural","P","Bombus pascuorum","Right","Forewing",1,2
"27-ZHRF-P-RF1.txt","ZH_R_F_27_P","27","ZH","R","Rural","F","ZH-F","ZH-Rural","P","Bombus pascuorum","Right","Forewing",1,1
"27-ZHRF-P-RF2.txt","ZH_R_F_27_P","27","ZH","R","Rural","F","ZH-F","ZH-Rural","P","Bombus pascuorum","Right","Forewing",2,1
"27-ZHUA-P-LF1.txt","ZH_U_A_27_P","27","ZH","U","Urban","A","ZH-A","ZH-Urban","P","Bombus pascuorum","Left","Forewing",1,1
"27-ZHUA-P-RF1.txt","ZH_U_A_27_P","27","ZH","U","Urban","A","ZH-A","ZH-Urban","P","Bombus pascuorum","Right","Forewing",1,1
"27-ZHUC-P-LF1.txt","ZH_U_C_27_P","27","ZH","U","Urban","C","ZH-C","ZH-Urban","P","Bombus pascuorum","Left","Forewing",1,1
"27-ZHUC-P-RF1.txt","ZH_U_C_27_P","27","ZH","U","Urban","C","ZH-C","ZH-Urban","P","Bombus pascuorum","Right","Forewing",1,1
"28-ZHRE-P-LF1.txt","ZH_R_E_28_P","28","ZH","R","Rural","E","ZH-E","ZH-Rural","P","Bombus pascuorum","Left","Forewing",1,1
"28-ZHRE-P-RF1.txt","ZH_R_E_28_P","28","ZH","R","Rural","E","ZH-E","ZH-Rural","P","Bombus pascuorum","Right","Forewing",1,1
"28-ZHUB-P-LF1.txt","ZH_U_B_28_P","28","ZH","U","Urban","B","ZH-B","ZH-Urban","P","Bombus pascuorum","Left","Forewing",1,1
"28-ZHUB-P-RF1.txt","ZH_U_B_28_P","28","ZH","U","Urban","B","ZH-B","ZH-Urban","P","Bombus pascuorum","Right","Forewing",1,1
"28-ZHUC-P-LF1.txt","ZH_U_C_28_P","28","ZH","U","Urban","C","ZH-C","ZH-Urban","P","Bombus pascuorum","Left","Forewing",1,1
"28-ZHUC-P-RF1.txt","ZH_U_C_28_P","28","ZH","U","Urban","C","ZH-C","ZH-Urban","P","Bombus pascuorum","Right","Forewing",1,1
"29-ZHRE-P-LF1.txt","ZH_R_E_29_P","29","ZH","R","Rural","E","ZH-E","ZH-Rural","P","Bombus pascuorum","Left","Forewing",1,1
"29-ZHRE-P-RF1.txt","ZH_R_E_29_P","29","ZH","R","Rural","E","ZH-E","ZH-Rural","P","Bombus pascuorum","Right","Forewing",1,1
"30-ZHRD-P-LF1.txt","ZH_R_D_30_P","30","ZH","R","Rural","D","ZH-D","ZH-Rural","P","Bombus pascuorum","Left","Forewing",1,1
"30-ZHRD-P-RF1.txt","ZH_R_D_30_P","30","ZH","R","Rural","D","ZH-D","ZH-Rural","P","Bombus pascuorum","Right","Forewing",1,1
"30-ZHRE-P-LF1_rep.txt","ZH_R_E_30_P","30","ZH","R","Rural","E","ZH-E","ZH-Rural","P","Bombus pascuorum","Left","Forewing",1,2
"30-ZHRE-P-LF1.txt","ZH_R_E_30_P","30","ZH","R","Rural","E","ZH-E","ZH-Rural","P","Bombus pascuorum","Left","Forewing",1,1
"30-ZHRE-P-LF2.txt","ZH_R_E_30_P","30","ZH","R","Rural","E","ZH-E","ZH-Rural","P","Bombus pascuorum","Left","Forewing",2,1
"30-ZHRE-P-RF1_rep.txt","ZH_R_E_30_P","30","ZH","R","Rural","E","ZH-E","ZH-Rural","P","Bombus pascuorum","Right","Forewing",1,2
"30-ZHRE-P-RF1.txt","ZH_R_E_30_P","30","ZH","R","Rural","E","ZH-E","ZH-Rural","P","Bombus pascuorum","Right","Forewing",1,1
"30-ZHRE-P-RF2.txt","ZH_R_E_30_P","30","ZH","R","Rural","E","ZH-E","ZH-Rural","P","Bombus pascuorum","Right","Forewing",2,1
"30-ZHUA-P-LF1_rep.txt","ZH_U_A_30_P","30","ZH","U","Urban","A","ZH-A","ZH-Urban","P","Bombus pascuorum","Left","Forewing",1,2
"30-ZHUA-P-LF1.txt","ZH_U_A_30_P","30","ZH","U","Urban","A","ZH-A","ZH-Urban","P","Bombus pascuorum","Left","Forewing",1,1
"30-ZHUA-P-LF2.txt","ZH_U_A_30_P","30","ZH","U","Urban","A","ZH-A","ZH-Urban","P","Bombus pascuorum","Left","Forewing",2,1
"30-ZHUA-P-RF1_rep.txt","ZH_U_A_30_P","30","ZH","U","Urban","A","ZH-A","ZH-Urban","P","Bombus pascuorum","Right","Forewing",1,2
"30-ZHUA-P-RF1.txt","ZH_U_A_30_P","30","ZH","U","Urban","A","ZH-A","ZH-Urban","P","Bombus pascuorum","Right","Forewing",1,1
"30-ZHUA-P-RF2.txt","ZH_U_A_30_P","30","ZH","U","Urban","A","ZH-A","ZH-Urban","P","Bombus pascuorum","Right","Forewing",2,1
"30-ZHUB-P-LF1.txt","ZH_U_B_30_P","30","ZH","U","Urban","B","ZH-B","ZH-Urban","P","Bombus pascuorum","Left","Forewing",1,1
"30-ZHUB-P-RF1.txt","ZH_U_B_30_P","30","ZH","U","Urban","B","ZH-B","ZH-Urban","P","Bombus pascuorum","Right","Forewing",1,1
"31-ZHRE-P-LF1.txt","ZH_R_E_31_P","31","ZH","R","Rural","E","ZH-E","ZH-Rural","P","Bombus pascuorum","Left","Forewing",1,1
"31-ZHRE-P-RF1.txt","ZH_R_E_31_P","31","ZH","R","Rural","E","ZH-E","ZH-Rural","P","Bombus pascuorum","Right","Forewing",1,1
"31-ZHRF-P-LF1.txt","ZH_R_F_31_P","31","ZH","R","Rural","F","ZH-F","ZH-Rural","P","Bombus pascuorum","Left","Forewing",1,1
"31-ZHRF-P-RF1.txt","ZH_R_F_31_P","31","ZH","R","Rural","F","ZH-F","ZH-Rural","P","Bombus pascuorum","Right","Forewing",1,1
"31-ZHUB-P-LF1.txt","ZH_U_B_31_P","31","ZH","U","Urban","B","ZH-B","ZH-Urban","P","Bombus pascuorum","Left","Forewing",1,1
"31-ZHUB-P-RF1.txt","ZH_U_B_31_P","31","ZH","U","Urban","B","ZH-B","ZH-Urban","P","Bombus pascuorum","Right","Forewing",1,1
"31-ZHUC-P-LF1.txt","ZH_U_C_31_P","31","ZH","U","Urban","C","ZH-C","ZH-Urban","P","Bombus pascuorum","Left","Forewing",1,1
"31-ZHUC-P-RF1.txt","ZH_U_C_31_P","31","ZH","U","Urban","C","ZH-C","ZH-Urban","P","Bombus pascuorum","Right","Forewing",1,1
"32-ZHRD-P-LF1.txt","ZH_R_D_32_P","32","ZH","R","Rural","D","ZH-D","ZH-Rural","P","Bombus pascuorum","Left","Forewing",1,1
"32-ZHRD-P-RF1.txt","ZH_R_D_32_P","32","ZH","R","Rural","D","ZH-D","ZH-Rural","P","Bombus pascuorum","Right","Forewing",1,1
"32-ZHUA-P-LF1.txt","ZH_U_A_32_P","32","ZH","U","Urban","A","ZH-A","ZH-Urban","P","Bombus pascuorum","Left","Forewing",1,1
"32-ZHUA-P-RF1.txt","ZH_U_A_32_P","32","ZH","U","Urban","A","ZH-A","ZH-Urban","P","Bombus pascuorum","Right","Forewing",1,1
"32-ZHUB-P-LF1.txt","ZH_U_B_32_P","32","ZH","U","Urban","B","ZH-B","ZH-Urban","P","Bombus pascuorum","Left","Forewing",1,1
"32-ZHUB-P-RF1.txt","ZH_U_B_32_P","32","ZH","U","Urban","B","ZH-B","ZH-Urban","P","Bombus pascuorum","Right","Forewing",1,1
"32-ZHUC-P-LF1.txt","ZH_U_C_32_P","32","ZH","U","Urban","C","ZH-C","ZH-Urban","P","Bombus pascuorum","Left","Forewing",1,1
"32-ZHUC-P-RF1.txt","ZH_U_C_32_P","32","ZH","U","Urban","C","ZH-C","ZH-Urban","P","Bombus pascuorum","Right","Forewing",1,1
"33-ZHRD-P-LF1.txt","ZH_R_D_33_P","33","ZH","R","Rural","D","ZH-D","ZH-Rural","P","Bombus pascuorum","Left","Forewing",1,1
"33-ZHRD-P-RF1.txt","ZH_R_D_33_P","33","ZH","R","Rural","D","ZH-D","ZH-Rural","P","Bombus pascuorum","Right","Forewing",1,1
"33-ZHRE-P-LF1.txt","ZH_R_E_33_P","33","ZH","R","Rural","E","ZH-E","ZH-Rural","P","Bombus pascuorum","Left","Forewing",1,1
"33-ZHRE-P-RF1.txt","ZH_R_E_33_P","33","ZH","R","Rural","E","ZH-E","ZH-Rural","P","Bombus pascuorum","Right","Forewing",1,1
"33-ZHUA-P-LF1_rep.txt","ZH_U_A_33_P","33","ZH","U","Urban","A","ZH-A","ZH-Urban","P","Bombus pascuorum","Left","Forewing",1,2
"33-ZHUA-P-LF1.txt","ZH_U_A_33_P","33","ZH","U","Urban","A","ZH-A","ZH-Urban","P","Bombus pascuorum","Left","Forewing",1,1
"33-ZHUA-P-LF2.txt","ZH_U_A_33_P","33","ZH","U","Urban","A","ZH-A","ZH-Urban","P","Bombus pascuorum","Left","Forewing",2,1
"33-ZHUA-P-RF1_rep.txt","ZH_U_A_33_P","33","ZH","U","Urban","A","ZH-A","ZH-Urban","P","Bombus pascuorum","Right","Forewing",1,2
"33-ZHUA-P-RF1.txt","ZH_U_A_33_P","33","ZH","U","Urban","A","ZH-A","ZH-Urban","P","Bombus pascuorum","Right","Forewing",1,1
"33-ZHUA-P-RF2.txt","ZH_U_A_33_P","33","ZH","U","Urban","A","ZH-A","ZH-Urban","P","Bombus pascuorum","Right","Forewing",2,1
"34-ZHRD-P-LF1_rep.txt","ZH_R_D_34_P","34","ZH","R","Rural","D","ZH-D","ZH-Rural","P","Bombus pascuorum","Left","Forewing",1,2
"34-ZHRD-P-LF1.txt","ZH_R_D_34_P","34","ZH","R","Rural","D","ZH-D","ZH-Rural","P","Bombus pascuorum","Left","Forewing",1,1
"34-ZHRD-P-LF2.txt","ZH_R_D_34_P","34","ZH","R","Rural","D","ZH-D","ZH-Rural","P","Bombus pascuorum","Left","Forewing",2,1
"34-ZHRD-P-RF1_rep.txt","ZH_R_D_34_P","34","ZH","R","Rural","D","ZH-D","ZH-Rural","P","Bombus pascuorum","Right","Forewing",1,2
"34-ZHRD-P-RF1.txt","ZH_R_D_34_P","34","ZH","R","Rural","D","ZH-D","ZH-Rural","P","Bombus pascuorum","Right","Forewing",1,1
"34-ZHRD-P-RF2.txt","ZH_R_D_34_P","34","ZH","R","Rural","D","ZH-D","ZH-Rural","P","Bombus pascuorum","Right","Forewing",2,1
"34-ZHUB-P-LF1.txt","ZH_U_B_34_P","34","ZH","U","Urban","B","ZH-B","ZH-Urban","P","Bombus pascuorum","Left","Forewing",1,1
"34-ZHUB-P-RF1.txt","ZH_U_B_34_P","34","ZH","U","Urban","B","ZH-B","ZH-Urban","P","Bombus pascuorum","Right","Forewing",1,1
"35-ZHRD-P-LF1.txt","ZH_R_D_35_P","35","ZH","R","Rural","D","ZH-D","ZH-Rural","P","Bombus pascuorum","Left","Forewing",1,1
"35-ZHRD-P-RF1.txt","ZH_R_D_35_P","35","ZH","R","Rural","D","ZH-D","ZH-Rural","P","Bombus pascuorum","Right","Forewing",1,1
"35-ZHRE-P-LF1.txt","ZH_R_E_35_P","35","ZH","R","Rural","E","ZH-E","ZH-Rural","P","Bombus pascuorum","Left","Forewing",1,1
"35-ZHRE-P-RF1.txt","ZH_R_E_35_P","35","ZH","R","Rural","E","ZH-E","ZH-Rural","P","Bombus pascuorum","Right","Forewing",1,1
"35-ZHRF-P-LF1_rep.txt","ZH_R_F_35_P","35","ZH","R","Rural","F","ZH-F","ZH-Rural","P","Bombus pascuorum","Left","Forewing",1,2
"35-ZHRF-P-LF1.txt","ZH_R_F_35_P","35","ZH","R","Rural","F","ZH-F","ZH-Rural","P","Bombus pascuorum","Left","Forewing",1,1
"35-ZHRF-P-LF2.txt","ZH_R_F_35_P","35","ZH","R","Rural","F","ZH-F","ZH-Rural","P","Bombus pascuorum","Left","Forewing",2,1
"35-ZHRF-P-RF1_rep.txt","ZH_R_F_35_P","35","ZH","R","Rural","F","ZH-F","ZH-Rural","P","Bombus pascuorum","Right","Forewing",1,2
"35-ZHRF-P-RF1.txt","ZH_R_F_35_P","35","ZH","R","Rural","F","ZH-F","ZH-Rural","P","Bombus pascuorum","Right","Forewing",1,1
"35-ZHRF-P-RF2.txt","ZH_R_F_35_P","35","ZH","R","Rural","F","ZH-F","ZH-Rural","P","Bombus pascuorum","Right","Forewing",2,1
"35-ZHUB-P-LF1.txt","ZH_U_B_35_P","35","ZH","U","Urban","B","ZH-B","ZH-Urban","P","Bombus pascuorum","Left","Forewing",1,1
"35-ZHUB-P-RF1.txt","ZH_U_B_35_P","35","ZH","U","Urban","B","ZH-B","ZH-Urban","P","Bombus pascuorum","Right","Forewing",1,1
"36-ZHRF-P-LF1.txt","ZH_R_F_36_P","36","ZH","R","Rural","F","ZH-F","ZH-Rural","P","Bombus pascuorum","Left","Forewing",1,1
"36-ZHRF-P-RF1.txt","ZH_R_F_36_P","36","ZH","R","Rural","F","ZH-F","ZH-Rural","P","Bombus pascuorum","Right","Forewing",1,1
"36-ZHUA-P-LF1.txt","ZH_U_A_36_P","36","ZH","U","Urban","A","ZH-A","ZH-Urban","P","Bombus pascuorum","Left","Forewing",1,1
"36-ZHUA-P-RF1.txt","ZH_U_A_36_P","36","ZH","U","Urban","A","ZH-A","ZH-Urban","P","Bombus pascuorum","Right","Forewing",1,1
"36-ZHUB-P-LF1.txt","ZH_U_B_36_P","36","ZH","U","Urban","B","ZH-B","ZH-Urban","P","Bombus pascuorum","Left","Forewing",1,1
"36-ZHUB-P-RF1.txt","ZH_U_B_36_P","36","ZH","U","Urban","B","ZH-B","ZH-Urban","P","Bombus pascuorum","Right","Forewing",1,1
"37-ZHRF-P-LF1.txt","ZH_R_F_37_P","37","ZH","R","Rural","F","ZH-F","ZH-Rural","P","Bombus pascuorum","Left","Forewing",1,1
"37-ZHRF-P-RF1.txt","ZH_R_F_37_P","37","ZH","R","Rural","F","ZH-F","ZH-Rural","P","Bombus pascuorum","Right","Forewing",1,1
"37-ZHUA-P-LF1.txt","ZH_U_A_37_P","37","ZH","U","Urban","A","ZH-A","ZH-Urban","P","Bombus pascuorum","Left","Forewing",1,1
"37-ZHUA-P-RF1.txt","ZH_U_A_37_P","37","ZH","U","Urban","A","ZH-A","ZH-Urban","P","Bombus pascuorum","Right","Forewing",1,1
"37-ZHUB-P-LF1_rep.txt","ZH_U_B_37_P","37","ZH","U","Urban","B","ZH-B","ZH-Urban","P","Bombus pascuorum","Left","Forewing",1,2
"37-ZHUB-P-LF1.txt","ZH_U_B_37_P","37","ZH","U","Urban","B","ZH-B","ZH-Urban","P","Bombus pascuorum","Left","Forewing",1,1
"37-ZHUB-P-LF2.txt","ZH_U_B_37_P","37","ZH","U","Urban","B","ZH-B","ZH-Urban","P","Bombus pascuorum","Left","Forewing",2,1
"37-ZHUB-P-RF1_rep.txt","ZH_U_B_37_P","37","ZH","U","Urban","B","ZH-B","ZH-Urban","P","Bombus pascuorum","Right","Forewing",1,2
"37-ZHUB-P-RF1.txt","ZH_U_B_37_P","37","ZH","U","Urban","B","ZH-B","ZH-Urban","P","Bombus pascuorum","Right","Forewing",1,1
"37-ZHUB-P-RF2.txt","ZH_U_B_37_P","37","ZH","U","Urban","B","ZH-B","ZH-Urban","P","Bombus pascuorum","Right","Forewing",2,1
